Workbook
Name Pivot_table: 'Funnel chart'!$A$3:$B$9
Name raw_data: data!$A$1:$C$1001

Sheet data
A1: Customer Id | B1: Levels | C1: Level Remark
A2: Cust 001 | B2: =RANDBETWEEN(1,5) -> 4 | C2: =VLOOKUP(B2,'Funnel chart'!$E$3:$F$8,2,FALSE) -> Appointment for Surgery
A3: Cust 002 | B3: =RANDBETWEEN(1,5) -> 1 | C3: =VLOOKUP(B3,'Funnel chart'!$E$3:$F$8,2,FALSE) -> Patient calls
A4: Cust 003 | B4: =RANDBETWEEN(1,5) -> 4 | C4: =VLOOKUP(B4,'Funnel chart'!$E$3:$F$8,2,FALSE) -> Appointment for Surgery
A5: Cust 004 | B5: =RANDBETWEEN(1,5) -> 2 | C5: =VLOOKUP(B5,'Funnel chart'!$E$3:$F$8,2,FALSE) -> Appointments
A6: Cust 005 | B6: =RANDBETWEEN(1,5) -> 2 | C6: =VLOOKUP(B6,'Funnel chart'!$E$3:$F$8,2,FALSE) -> Appointments
A7: Cust 006 | B7: =RANDBETWEEN(1,5) -> 5 | C7: =VLOOKUP(B7,'Funnel chart'!$E$3:$F$8,2,FALSE) -> Surgery done
A8: Cust 007 | B8: =RANDBETWEEN(1,5) -> 2 | C8: =VLOOKUP(B8,'Funnel chart'!$E$3:$F$8,2,FALSE) -> Appointments
A9: Cust 008 | B9: =RANDBETWEEN(1,5) -> 4 | C9: =VLOOKUP(B9,'Funnel chart'!$E$3:$F$8,2,FALSE) -> Appointment for Surgery
A10: Cust 009 | B10: =RANDBETWEEN(1,5) -> 2 | C10: =VLOOKUP(B10,'Funnel chart'!$E$3:$F$8,2,FALSE) -> Appointments
A11: Cust 010 | B11: =RANDBETWEEN(1,5) -> 4 | C11: =VLOOKUP(B11,'Funnel chart'!$E$3:$F$8,2,FALSE) -> Appointment for Surgery
A12: Cust 011 | B12: =RANDBETWEEN(1,5) -> 4 | C12: =VLOOKUP(B12,'Funnel chart'!$E$3:$F$8,2,FALSE) -> Appointment for Surgery
A13: Cust 012 | B13: =RANDBETWEEN(1,5) -> 1 | C13: =VLOOKUP(B13,'Funnel chart'!$E$3:$F$8,2,FALSE) -> Patient calls
... A1001: Cust 1000 | B1001: =RANDBETWEEN(1,5) -> 4 | C1001: =VLOOKUP(B1001,'Funnel chart'!$E$3:$F$8,2,FALSE) -> Appointment for Surgery

Sheet Funnel chart
E1: Orthopedic Hospital
A3: Patient Status | B3: Count of Customer Id | E3: Level | F3: Meaning
A4: Surgery done | B4: 223 | E4: 1 | F4: Patient calls
A5: Appointment for Surgery | B5: 413 | E5: 2 | F5: Appointments
A6: Visits for consultancy | B6: 615 | E6: 3 | F6: Visits for consultancy
A7: Appointments | B7: 797 | E7: 4 | F7: Appointment for Surgery
A8: Patient calls | B8: 1000 | E8: 5 | F8: Surgery done
A11: {=_xlfn.HSTACK(A3:B3)} -> Patient Status | B11: Count of Customer Id
A12: {=_xlfn.SORTBY(A4:B8,_xlfn.SEQUENCE(ROWS(A4:A8)),-1)} -> Patient calls | B12: 1000 | E12: {=_xlfn.SEQUENCE(ROWS(A4:A8))} -> 1
A13: Appointments | B13: 797 | E13: 2
A14: Visits for consultancy | B14: 615 | E14: 3
A15: Appointment for Surgery | B15: 413 | E15: 4
A16: Surgery done | B16: 223 | E16: 5
